[{"paths": ["group1-shard1of2", "group1-shard2of2"], "weights": [{"name": "Variable_20", "shape": [1, 1, 128, 512], "dtype": "float32"}, {"name": "batchnorm_20/mul", "shape": [512], "dtype": "float32"}, {"name": "batchnorm_20/sub", "shape": [512], "dtype": "float32"}, {"name": "Variable_17", "shape": [1, 1, 64, 256], "dtype": "float32"}, {"name": "batchnorm_17/mul", "shape": [256], "dtype": "float32"}, {"name": "batchnorm_17/sub", "shape": [256], "dtype": "float32"}, {"name": "Variable_16", "shape": [1, 1, 512, 64], "dtype": "float32"}, {"name": "Variable_18", "shape": [3, 3, 64, 256], "dtype": "float32"}, {"name": "batchnorm_18/mul", "shape": [256], "dtype": "float32"}, {"name": "batchnorm_18/sub", "shape": [256], "dtype": "float32"}, {"name": "Variable_14", "shape": [1, 1, 64, 256], "dtype": "float32"}, {"name": "batchnorm_14/mul", "shape": [256], "dtype": "float32"}, {"name": "batchnorm_14/sub", "shape": [256], "dtype": "float32"}, {"name": "Variable_11", "shape": [1, 1, 32, 128], "dtype": "float32"}, {"name": "batchnorm_11/mul", "shape": [128], "dtype": "float32"}, {"name": "batchnorm_11/sub", "shape": [128], "dtype": "float32"}, {"name": "Variable_10", "shape": [1, 1, 256, 32], "dtype": "float32"}, {"name": "Variable_12", "shape": [3, 3, 32, 128], "dtype": "float32"}, {"name": "batchnorm_12/mul", "shape": [128], "dtype": "float32"}, {"name": "batchnorm_12/sub", "shape": [128], "dtype": "float32"}, {"name": "Variable_8", "shape": [1, 1, 32, 128], "dtype": "float32"}, {"name": "batchnorm_8/mul", "shape": [128], "dtype": "float32"}, {"name": "batchnorm_8/sub", "shape": [128], "dtype": "float32"}, {"name": "Variable_5", "shape": [1, 1, 16, 64], "dtype": "float32"}, {"name": "batchnorm_5/mul", "shape": [64], "dtype": "float32"}, {"name": "batchnorm_5/sub", "shape": [64], "dtype": "float32"}, {"name": "Variable_4", "shape": [1, 1, 128, 16], "dtype": "float32"}, {"name": "Variable_6", "shape": [3, 3, 16, 64], "dtype": "float32"}, {"name": "batchnorm_6/mul", "shape": [64], "dtype": "float32"}, {"name": "batchnorm_6/sub", "shape": [64], "dtype": "float32"}, {"name": "Variable_2", "shape": [1, 1, 16, 64], "dtype": "float32"}, {"name": "batchnorm_2/mul", "shape": [64], "dtype": "float32"}, {"name": "batchnorm_2/sub", "shape": [64], "dtype": "float32"}, {"name": "Variable", "shape": [3, 3, 3, 64], "dtype": "float32"}, {"name": "batchnorm/mul", "shape": [64], "dtype": "float32"}, {"name": "batchnorm/sub", "shape": [64], "dtype": "float32"}, {"name": "Variable_1", "shape": [1, 1, 64, 16], "dtype": "float32"}, {"name": "Variable_3", "shape": [3, 3, 16, 64], "dtype": "float32"}, {"name": "batchnorm_3/mul", "shape": [64], "dtype": "float32"}, {"name": "batchnorm_3/sub", "shape": [64], "dtype": "float32"}, {"name": "Variable_7", "shape": [1, 1, 128, 32], "dtype": "float32"}, {"name": "Variable_9", "shape": [3, 3, 32, 128], "dtype": "float32"}, {"name": "batchnorm_9/mul", "shape": [128], "dtype": "float32"}, {"name": "batchnorm_9/sub", "shape": [128], "dtype": "float32"}, {"name": "Variable_13", "shape": [1, 1, 256, 64], "dtype": "float32"}, {"name": "Variable_15", "shape": [3, 3, 64, 256], "dtype": "float32"}, {"name": "batchnorm_15/mul", "shape": [256], "dtype": "float32"}, {"name": "batchnorm_15/sub", "shape": [256], "dtype": "float32"}, {"name": "Variable_19", "shape": [1, 1, 512, 128], "dtype": "float32"}, {"name": "Variable_21", "shape": [3, 3, 128, 512], "dtype": "float32"}, {"name": "batchnorm_21/mul", "shape": [512], "dtype": "float32"}, {"name": "batchnorm_21/sub", "shape": [512], "dtype": "float32"}, {"name": "concat_5/axis", "shape": [], "dtype": "int32"}, {"name": "Variable_22", "shape": [1, 1, 1024, 6], "dtype": "float32"}, {"name": "batchnorm_22/mul", "shape": [6], "dtype": "float32"}, {"name": "batchnorm_22/sub", "shape": [6], "dtype": "float32"}, {"name": "output_node/shape", "shape": [2], "dtype": "int32"}]}]